"Habitat","qPD","PD_obs","PD_asy","s.e.","qPD.LCL","qPD.UCL","Reftime","Type"
"Forest","q = 0 PD",185.553358575512,326.866107390963,10.3458745862373,306.588565813369,347.143648968556,0.873296630667087,"meanPD"
"Forest","q = 1 PD",112.465616730762,148.34462549473,2.02196722866306,144.38164254863,152.30760844083,0.873296630667087,"meanPD"
"Forest","q = 2 PD",70.6116917778348,77.8416221519778,0.815097324013578,76.2440607530162,79.4391835509394,0.873296630667087,"meanPD"
"Páramo","q = 0 PD",81.9709446779764,143.211564041528,6.65240492056018,130.173089986653,156.250038096403,0.873296630667087,"meanPD"
"Páramo","q = 1 PD",56.0996685115066,80.0935337546739,1.87407548202983,76.4204133055859,83.7666542037619,0.873296630667087,"meanPD"
"Páramo","q = 2 PD",37.576054507314,43.7014428133838,0.820510292660186,42.0932721908254,45.3096134359422,0.873296630667087,"meanPD"
"Subpáramo","q = 0 PD",132.935948991517,246.756510598308,10.003954933099,227.149119226473,266.363901970144,0.873296630667087,"meanPD"
"Subpáramo","q = 1 PD",88.3087152751335,130.399539705305,2.67267387082811,125.16119517606,135.637884234549,0.873296630667087,"meanPD"
"Subpáramo","q = 2 PD",54.6036757549523,63.5910811057557,0.974160048849578,61.6817624948327,65.5003997166786,0.873296630667087,"meanPD"
